subreddit,post_id,post_title,post_body,comment
Blaccutane,148g9ee,Nervous Milia Removal,I'm having the milia on my right cheek removed on June 27. (BTW I've had the milia long before Accutane and my acne breakouts.) I trust my dermatologist completely. She's freaking amazing. She advised me to use my hydroquinone twice daily on the area 2 weeks before the procedure to prevent PIH and to stay inside as much as possible and wear hats while they heal. I don't want to start over with the fading process on my cheek but I **HATE** the way the milia look. They look like a cluster of pimples. I will be 99% happy with my overall Accutane journey without them. I want them gone!! Ughhh!!!!,Sending you love and light. You‚Äôre so beautiful I remember your pictures. This is going to go incredibly well!
Blaccutane,148g9ee,Nervous Milia Removal,I'm having the milia on my right cheek removed on June 27. (BTW I've had the milia long before Accutane and my acne breakouts.) I trust my dermatologist completely. She's freaking amazing. She advised me to use my hydroquinone twice daily on the area 2 weeks before the procedure to prevent PIH and to stay inside as much as possible and wear hats while they heal. I don't want to start over with the fading process on my cheek but I **HATE** the way the milia look. They look like a cluster of pimples. I will be 99% happy with my overall Accutane journey without them. I want them gone!! Ughhh!!!!,If you‚Äôre no longer on accutane I highly recommend incorporating tretinoin and or Azelaic acid to your routine! (I use both and it‚Äôs helped me get rid of milia)
Blaccutane,148g9ee,Nervous Milia Removal,I'm having the milia on my right cheek removed on June 27. (BTW I've had the milia long before Accutane and my acne breakouts.) I trust my dermatologist completely. She's freaking amazing. She advised me to use my hydroquinone twice daily on the area 2 weeks before the procedure to prevent PIH and to stay inside as much as possible and wear hats while they heal. I don't want to start over with the fading process on my cheek but I **HATE** the way the milia look. They look like a cluster of pimples. I will be 99% happy with my overall Accutane journey without them. I want them gone!! Ughhh!!!!,I couldn‚Äôt find anywhere to discuss milia specifically so I made a sub /r/milia_skin if anyone wants to discuss all things milia
Blaccutane,148g9ee,Nervous Milia Removal,I'm having the milia on my right cheek removed on June 27. (BTW I've had the milia long before Accutane and my acne breakouts.) I trust my dermatologist completely. She's freaking amazing. She advised me to use my hydroquinone twice daily on the area 2 weeks before the procedure to prevent PIH and to stay inside as much as possible and wear hats while they heal. I don't want to start over with the fading process on my cheek but I **HATE** the way the milia look. They look like a cluster of pimples. I will be 99% happy with my overall Accutane journey without them. I want them gone!! Ughhh!!!!,My dermatologist has me on tazarotene. I‚Äôve been on it for about 3 weeks. I‚Äôm trying to get up to the point of everyday instead of 4 times a week because of the irritation. I don‚Äôt want my skin to flake off but this is probably the best time to do it. I‚Äôm a teacher and on vacation now so nobody will really see my skin except for family.
Blaccutane,148g9ee,Nervous Milia Removal,I'm having the milia on my right cheek removed on June 27. (BTW I've had the milia long before Accutane and my acne breakouts.) I trust my dermatologist completely. She's freaking amazing. She advised me to use my hydroquinone twice daily on the area 2 weeks before the procedure to prevent PIH and to stay inside as much as possible and wear hats while they heal. I don't want to start over with the fading process on my cheek but I **HATE** the way the milia look. They look like a cluster of pimples. I will be 99% happy with my overall Accutane journey without them. I want them gone!! Ughhh!!!!,Thanks!! Do you have milia?
Blaccutane,148g9ee,Nervous Milia Removal,I'm having the milia on my right cheek removed on June 27. (BTW I've had the milia long before Accutane and my acne breakouts.) I trust my dermatologist completely. She's freaking amazing. She advised me to use my hydroquinone twice daily on the area 2 weeks before the procedure to prevent PIH and to stay inside as much as possible and wear hats while they heal. I don't want to start over with the fading process on my cheek but I **HATE** the way the milia look. They look like a cluster of pimples. I will be 99% happy with my overall Accutane journey without them. I want them gone!! Ughhh!!!!,Yep the derm has me on tretinoin. But I‚Äôve also gone in to had them removed. I‚Äôd like to find a cheaper option that I could diy at home
Blaccutane,147k2p8,Skincare tips,Hey everyone! I just finished my 2nd month on accutane (2nd time I‚Äôve been on it as well) and my progress is not where I thought it would be. The first time round my skin had pretty much cleared up by month 2 and it hasn‚Äôt. I know this can happen but I wanted to get some tips from you all. I was wondering if I could some tips for what moisturizer and cleanser I should use I never know which one to get. Right I wash my face my african black soap 3 times a week at night and the rest of the times I just wash it with water. As my moisturizer I use a Aloe Vera everyday. Which products should I get? My skin used to be oily and now it has dried out which is good so I would love some recommendations for dry skin. Also on the accutane reddit they always mention the importance of sunscreen. Does that apply to us too? If so which one should I get because I‚Äôm out in the sun a lot. I live in Europe btw. Thank you again!,I think the black soap is too harsh imo
Blaccutane,147k2p8,Skincare tips,Hey everyone! I just finished my 2nd month on accutane (2nd time I‚Äôve been on it as well) and my progress is not where I thought it would be. The first time round my skin had pretty much cleared up by month 2 and it hasn‚Äôt. I know this can happen but I wanted to get some tips from you all. I was wondering if I could some tips for what moisturizer and cleanser I should use I never know which one to get. Right I wash my face my african black soap 3 times a week at night and the rest of the times I just wash it with water. As my moisturizer I use a Aloe Vera everyday. Which products should I get? My skin used to be oily and now it has dried out which is good so I would love some recommendations for dry skin. Also on the accutane reddit they always mention the importance of sunscreen. Does that apply to us too? If so which one should I get because I‚Äôm out in the sun a lot. I live in Europe btw. Thank you again!,You should always be applying sunscreen at least 2 to 3 times a day and especially while you‚Äôre on this medication. Don‚Äôt use the African black soap. Use a gentle cleanser twice a day. I cannot stress this enough but wearing sunscreen is the most important step in any routine. And drinking drinking a lot of water.
Blaccutane,147k2p8,Skincare tips,Hey everyone! I just finished my 2nd month on accutane (2nd time I‚Äôve been on it as well) and my progress is not where I thought it would be. The first time round my skin had pretty much cleared up by month 2 and it hasn‚Äôt. I know this can happen but I wanted to get some tips from you all. I was wondering if I could some tips for what moisturizer and cleanser I should use I never know which one to get. Right I wash my face my african black soap 3 times a week at night and the rest of the times I just wash it with water. As my moisturizer I use a Aloe Vera everyday. Which products should I get? My skin used to be oily and now it has dried out which is good so I would love some recommendations for dry skin. Also on the accutane reddit they always mention the importance of sunscreen. Does that apply to us too? If so which one should I get because I‚Äôm out in the sun a lot. I live in Europe btw. Thank you again!,I‚Äôve been using Laroche posay [pigmentclar](https://www.target.com/p/la roche posay pigmentclar brightening foaming face cream cleanser 4 2oz/ /A 15022866)
Blaccutane,147k2p8,Skincare tips,Hey everyone! I just finished my 2nd month on accutane (2nd time I‚Äôve been on it as well) and my progress is not where I thought it would be. The first time round my skin had pretty much cleared up by month 2 and it hasn‚Äôt. I know this can happen but I wanted to get some tips from you all. I was wondering if I could some tips for what moisturizer and cleanser I should use I never know which one to get. Right I wash my face my african black soap 3 times a week at night and the rest of the times I just wash it with water. As my moisturizer I use a Aloe Vera everyday. Which products should I get? My skin used to be oily and now it has dried out which is good so I would love some recommendations for dry skin. Also on the accutane reddit they always mention the importance of sunscreen. Does that apply to us too? If so which one should I get because I‚Äôm out in the sun a lot. I live in Europe btw. Thank you again!,I took two pictures for you. What I used when I was on Accutane and what I use now that I'm off. I've been off a month and a half now. Feel free to ask any questions on what the products are and how I used them. And YES wear that SUNSCREEN no matter what your skin tone is!! [Accutane](https://drive.google.com/file/d/1WvhqvhhT3BFV0aFYrIpb49vgWTOZQGoC/view?usp=drive_link) [After Accutane](https://drive.google.com/file/d/1zaEPVTDRtjijqjBwWiLKluohW3f0Ek1i/view?usp=sharing) Edit: I forgot to add this because I just ordered it and I haven't received it. It's [colorscience Sunforgettable Total Protection Sheer Matte SPF 30 Sunscreen Brush](https://www.colorescience.com/products/sunforgettable total protection sheer matte spf 30 sunscreen brush)
Blaccutane,147k2p8,Skincare tips,Hey everyone! I just finished my 2nd month on accutane (2nd time I‚Äôve been on it as well) and my progress is not where I thought it would be. The first time round my skin had pretty much cleared up by month 2 and it hasn‚Äôt. I know this can happen but I wanted to get some tips from you all. I was wondering if I could some tips for what moisturizer and cleanser I should use I never know which one to get. Right I wash my face my african black soap 3 times a week at night and the rest of the times I just wash it with water. As my moisturizer I use a Aloe Vera everyday. Which products should I get? My skin used to be oily and now it has dried out which is good so I would love some recommendations for dry skin. Also on the accutane reddit they always mention the importance of sunscreen. Does that apply to us too? If so which one should I get because I‚Äôm out in the sun a lot. I live in Europe btw. Thank you again!,Yeah I think I‚Äôm going to stop using the black soap and see how it goes. Do you use it twice a day? And what is your moisturizer?
Blaccutane,147k2p8,Skincare tips,Hey everyone! I just finished my 2nd month on accutane (2nd time I‚Äôve been on it as well) and my progress is not where I thought it would be. The first time round my skin had pretty much cleared up by month 2 and it hasn‚Äôt. I know this can happen but I wanted to get some tips from you all. I was wondering if I could some tips for what moisturizer and cleanser I should use I never know which one to get. Right I wash my face my african black soap 3 times a week at night and the rest of the times I just wash it with water. As my moisturizer I use a Aloe Vera everyday. Which products should I get? My skin used to be oily and now it has dried out which is good so I would love some recommendations for dry skin. Also on the accutane reddit they always mention the importance of sunscreen. Does that apply to us too? If so which one should I get because I‚Äôm out in the sun a lot. I live in Europe btw. Thank you again!,I also use [hyaluronic acid](https://www.target.com/p/neutrogena hydro boost water gel face moisturizer with hyaluronic acid 1 7 oz/ /A 16600123)
Blaccutane,147k2p8,Skincare tips,Hey everyone! I just finished my 2nd month on accutane (2nd time I‚Äôve been on it as well) and my progress is not where I thought it would be. The first time round my skin had pretty much cleared up by month 2 and it hasn‚Äôt. I know this can happen but I wanted to get some tips from you all. I was wondering if I could some tips for what moisturizer and cleanser I should use I never know which one to get. Right I wash my face my african black soap 3 times a week at night and the rest of the times I just wash it with water. As my moisturizer I use a Aloe Vera everyday. Which products should I get? My skin used to be oily and now it has dried out which is good so I would love some recommendations for dry skin. Also on the accutane reddit they always mention the importance of sunscreen. Does that apply to us too? If so which one should I get because I‚Äôm out in the sun a lot. I live in Europe btw. Thank you again!,Which sunscreen do you use if any?
Blaccutane,147k2p8,Skincare tips,Hey everyone! I just finished my 2nd month on accutane (2nd time I‚Äôve been on it as well) and my progress is not where I thought it would be. The first time round my skin had pretty much cleared up by month 2 and it hasn‚Äôt. I know this can happen but I wanted to get some tips from you all. I was wondering if I could some tips for what moisturizer and cleanser I should use I never know which one to get. Right I wash my face my african black soap 3 times a week at night and the rest of the times I just wash it with water. As my moisturizer I use a Aloe Vera everyday. Which products should I get? My skin used to be oily and now it has dried out which is good so I would love some recommendations for dry skin. Also on the accutane reddit they always mention the importance of sunscreen. Does that apply to us too? If so which one should I get because I‚Äôm out in the sun a lot. I live in Europe btw. Thank you again!,I hear that's a good one!! üëçüèΩ
Blaccutane,147k2p8,Skincare tips,Hey everyone! I just finished my 2nd month on accutane (2nd time I‚Äôve been on it as well) and my progress is not where I thought it would be. The first time round my skin had pretty much cleared up by month 2 and it hasn‚Äôt. I know this can happen but I wanted to get some tips from you all. I was wondering if I could some tips for what moisturizer and cleanser I should use I never know which one to get. Right I wash my face my african black soap 3 times a week at night and the rest of the times I just wash it with water. As my moisturizer I use a Aloe Vera everyday. Which products should I get? My skin used to be oily and now it has dried out which is good so I would love some recommendations for dry skin. Also on the accutane reddit they always mention the importance of sunscreen. Does that apply to us too? If so which one should I get because I‚Äôm out in the sun a lot. I live in Europe btw. Thank you again!,I use [Laroche posay sunscreen moisturizer](https://www.target.com/p/la roche posay face moisturizer with sunscreen toleriane double repair uv facial moisturizing lotion with niacinamide spf 30 2 5 fl oz/ /A 51195659)
Blaccutane,147k2p8,Skincare tips,Hey everyone! I just finished my 2nd month on accutane (2nd time I‚Äôve been on it as well) and my progress is not where I thought it would be. The first time round my skin had pretty much cleared up by month 2 and it hasn‚Äôt. I know this can happen but I wanted to get some tips from you all. I was wondering if I could some tips for what moisturizer and cleanser I should use I never know which one to get. Right I wash my face my african black soap 3 times a week at night and the rest of the times I just wash it with water. As my moisturizer I use a Aloe Vera everyday. Which products should I get? My skin used to be oily and now it has dried out which is good so I would love some recommendations for dry skin. Also on the accutane reddit they always mention the importance of sunscreen. Does that apply to us too? If so which one should I get because I‚Äôm out in the sun a lot. I live in Europe btw. Thank you again!,It definitely is
Blaccutane,146zlkz,Can‚Äôt believe this is my skin now! Just finishing month 4 10/20/30/30,,I remember when you were getting frustrated. Look at you now beautiful!! üòä
Blaccutane,146zlkz,Can‚Äôt believe this is my skin now! Just finishing month 4 10/20/30/30,,omg my skin is exactly your before now 1 week on accutane down i hope mine looks as good as urs after !
Blaccutane,146zlkz,Can‚Äôt believe this is my skin now! Just finishing month 4 10/20/30/30,,Amazing!!
Blaccutane,146zlkz,Can‚Äôt believe this is my skin now! Just finishing month 4 10/20/30/30,,Looks amazing
Blaccutane,146zlkz,Can‚Äôt believe this is my skin now! Just finishing month 4 10/20/30/30,,Your skin looks amazing! Did your hair thin out?
Blaccutane,146zlkz,Can‚Äôt believe this is my skin now! Just finishing month 4 10/20/30/30,,I just started losing more hair this month (month 7). But I am taking hair vitamins and using rosemary oil to help combat the thinning
Blaccutane,145dyuo,Amnesteen/Mobility Loss,Has anyone else experienced this? I had to stop my medication two weeks in because I couldn't walk anymore due to severe knee joint pain. I healed 4 days after I stopped my prescription. I didn't have Meg knees to begin with but this was bad. I just want clear skin üò©,I had that when I worked out or took long walks. Stretching really helped for me.
Blaccutane,145dyuo,Amnesteen/Mobility Loss,Has anyone else experienced this? I had to stop my medication two weeks in because I couldn't walk anymore due to severe knee joint pain. I healed 4 days after I stopped my prescription. I didn't have Meg knees to begin with but this was bad. I just want clear skin üò©,You needed to take it with 2400 2800 mg of fish oil per dose and increase water intake significantly
Blaccutane,145dyuo,Amnesteen/Mobility Loss,Has anyone else experienced this? I had to stop my medication two weeks in because I couldn't walk anymore due to severe knee joint pain. I healed 4 days after I stopped my prescription. I didn't have Meg knees to begin with but this was bad. I just want clear skin üò©,I had this so bad it felt like I had two sprained ankles that‚Äôs what helped me. Also lowering the dose may help
Blaccutane,145dyuo,Amnesteen/Mobility Loss,Has anyone else experienced this? I had to stop my medication two weeks in because I couldn't walk anymore due to severe knee joint pain. I healed 4 days after I stopped my prescription. I didn't have Meg knees to begin with but this was bad. I just want clear skin üò©,Thank you! I wasn't taking up to 2800mg of Fish Oil and I'm probably not drinking enough water. I go back to the dermatologist next week so I may have to decrease my dosage.
Blaccutane,145dyuo,Amnesteen/Mobility Loss,Has anyone else experienced this? I had to stop my medication two weeks in because I couldn't walk anymore due to severe knee joint pain. I healed 4 days after I stopped my prescription. I didn't have Meg knees to begin with but this was bad. I just want clear skin üò©,You‚Äôre welcome good luck üíñ
Blaccutane,145cy65,Prescription,Hey y‚Äôall! i‚Äôm going into my 3rd month of accutane but they switched my prescription brand from absorica to regular accutane. Do y‚Äôall think different brand names will make a difference?,Yes!!! It will and it‚Äôs the reason I was on three months longer. Absorbica is way better and to save you my headache and heartache start taking 2400 2800 mg of fish oil with each dose daily
Blaccutane,145cy65,Prescription,Hey y‚Äôall! i‚Äôm going into my 3rd month of accutane but they switched my prescription brand from absorica to regular accutane. Do y‚Äôall think different brand names will make a difference?,Two different brands didn‚Äôt change anything but I was never on Absorbica.
Blaccutane,145cy65,Prescription,Hey y‚Äôall! i‚Äôm going into my 3rd month of accutane but they switched my prescription brand from absorica to regular accutane. Do y‚Äôall think different brand names will make a difference?,Thank you! I agree because I think I‚Äôm done purging & my face looks completely different compared to month 1. Did you purge again when you switched?
Blaccutane,145cy65,Prescription,Hey y‚Äôall! i‚Äôm going into my 3rd month of accutane but they switched my prescription brand from absorica to regular accutane. Do y‚Äôall think different brand names will make a difference?,Did you ever make a change w/ in accutane brands?
Blaccutane,145cy65,Prescription,Hey y‚Äôall! i‚Äôm going into my 3rd month of accutane but they switched my prescription brand from absorica to regular accutane. Do y‚Äôall think different brand names will make a difference?,Yes I did badly! And I had to start the fish oil but I didn‚Äôt do that for at least three months of struggle and ugliness. I was in so much pain I could barely walk. Someone on here suggested fish oil and of course increase water intake. I did that and finally 11 months later I got off of the accutane. Now I‚Äôm slowly fading hyperpigmentation that no doubt is worse because I was taken off Absorbica and now I have to get peels. I got one it did nothing and I didn‚Äôt even peel. Next up in July I‚Äôll get a higher strength. Hoping that ends this whole process. I‚Äôm also on arazlo which is gentler than tret and it‚Äôs seems promising
Blaccutane,145cy65,Prescription,Hey y‚Äôall! i‚Äôm going into my 3rd month of accutane but they switched my prescription brand from absorica to regular accutane. Do y‚Äôall think different brand names will make a difference?,Yes. I started with Amneal then Claravis and back to Amneal.
Blaccutane,145cy65,Prescription,Hey y‚Äôall! i‚Äôm going into my 3rd month of accutane but they switched my prescription brand from absorica to regular accutane. Do y‚Äôall think different brand names will make a difference?,What other changes did you notice once you were switched?
Blaccutane,145cy65,Prescription,Hey y‚Äôall! i‚Äôm going into my 3rd month of accutane but they switched my prescription brand from absorica to regular accutane. Do y‚Äôall think different brand names will make a difference?,It wasn‚Äôt as effective because I wasn‚Äôt ingesting enough fat. Vitamin A is a fat soluble vitamin so save yourself the headache and take the fish oil and a spoonful of peanut butter or ice cream.
